Design ID,Sequence,Computational Score (kcal/mol),GpA (%),?G (kcal/mol)
G_001,LLLTALLVGLLGGLLFLLILI,-24.58,0.29 ± 0.05,NA
G_002,LLLLFLLATLLGYLLSILILI,-31.69,0.42 ± 0.04,-2.49 ± 0.23
G_003,LLLLFLLGTLLGALLAYLILI,-31.69,1.15 ± 0.16,-3.85 ± 0.54
G_004,LLLVTLLFSLLGALLSLLILI,-17.19,0.48 ± 0.05,-2.74 ± 0.28
G_005,LLLYILLGLLLGTLLASLILI,-32.08,0.31 ± 0.04,-0.52 ± 0.07
G_006,LLLLVLLTGLLFGLLYALILI,-26.51,0.31 ± 0.08,-0.06 ± 0.01
G_007,LLLFALLASLLGILLTLLILI,-26.35,0.19 ± 0.04,NA
G_008,LLLTFLLAVLLGLLLGILILI,-21.45,0.65 ± 0.11,-3.18 ± 0.53
G_009,LLLSFLLVLLLGTLLAYLILI,-21.46,0.19 ± 0.07,NA
G_010,LLLYLLLGALLGTLLSFLILI,-32.9,0.53 ± 0.04,-2.9 ± 0.22
G_011,LLLTVLLGLLLGLLLGFLILI,-32.92,0.54 ± 0.06,-2.93 ± 0.3
G_012,LLLYFLLGTLLGALLGLLILI,-33.02,0.81 ± 0.07,-3.44 ± 0.3
G_013,LLLAVLLTSLLGGLLFLLILI,-21.13,0.25 ± 0.04,NA
G_014,LLLVTLLLGLLFALLSTLILI,-26.16,0.25 ± 0.05,NA
G_015,LLLTFLLGLLLGYLLASLILI,-33.27,1.23 ± 0.08,-3.93 ± 0.27
G_016,LLLYVLLGALLGILLTLLILI,-33.55,0.95 ± 0.1,-3.62 ± 0.39
G_017,LLLYFLLGVLLGTLLGLLILI,-33.58,1.07 ± 0.03,-3.76 ± 0.11
G_018,LLLYALLALLLGTLLGFLILI,-16.12,0.19 ± 0.03,NA
G_019,LLLYLLLASLLGILLAFLILI,-34.17,0.15 ± 0.02,NA
G_020,LLLYLLLGALLGALLTFLILI,-34.32,1.12 ± 0.17,-3.82 ± 0.59
G_021,LLLTVLLLGLLFGLLFALILI,-22.26,0.5 ± 0.05,-2.81 ± 0.3
G_022,LLLTVLLALLLGFLLGSLILI,-9.61,0.78 ± 0.07,-3.39 ± 0.3
G_023,LLLYVLLTLLLGALLGFLILI,-22.36,0.26 ± 0.08,NA
G_024,LLLYVLLGLLLGTLLAFLILI,-34.97,0.32 ± 0.14,-1.25 ± 0.56
G_025,LLLYFLLATLLGLLLGVLILI,-35.12,0.36 ± 0.02,-2.02 ± 0.14
G_026,LLLVGLLFALLGILLTLLILI,-33.23,0.36 ± 0.05,-2.08 ± 0.29
G_027,LLLTFLLAILLGLLLGVLILI,-21.01,0.64 ± 0.05,-3.15 ± 0.26
G_028,LLLAALLALLLGVLLGTLILI,-17.8,0.39 ± 0.04,-2.33 ± 0.22
G_029,LLLAALLFSLLGLLLGTLILI,-26.92,0.3 ± 0.09,NA
G_030,LLLYALLTALLGGLLFLLILI,-19.63,0.22 ± 0.06,NA
G_031,LLLLTLLVGLLFALLYGLILI,-27.85,0.25 ± 0.02,NA
G_032,LLLYILLGLLLGTLLAFLILI,-28.2,0.25 ± 0.09,NA
G_033,LLLLVLLATLLGGLLSILILI,-19.93,0.26 ± 0.05,NA
G_034,LLLYGLLFALLGILLTLLILI,-28.27,0.28 ± 0.01,NA
G_035,LLLSTLLGALLGLLLAVLILI,-28.31,0.91 ± 0.09,-3.58 ± 0.36
G_036,LLLYVLLFTLLGALLGLLILI,-27.82,0.22 ± 0.03,NA
G_037,LLLYVLLATLLGLLLGFLILI,-28.48,0.3 ± 0.06,NA
G_038,LLLYLLLGTLLGILLAFLILI,-19.35,0.43 ± 0.07,-2.55 ± 0.43
G_039,LLLYGLLFLLLGVLLATLILI,-27.64,0.4 ± 0.04,-2.39 ± 0.22
G_040,LLLYFLLATLLGVLLGLLILI,-19.14,0.34 ± 0.05,-1.8 ± 0.24
G_041,LLLYLLLTTLLAGLLFSLILI,-20.09,0.17 ± 0.1,NA
G_042,LLLTFLLALLLGYLLGSLILI,-20.12,0.95 ± 0.14,-3.62 ± 0.52
G_043,LLLVTLLLTLLGALLSALILI,-27.56,0.28 ± 0.03,NA
G_044,LLLLTLLVALLAGLLFSLILI,-20.31,0.31 ± 0.03,NA
G_045,LLLYGLLFLLLGVLLASLILI,-28.77,0.32 ± 0.06,-1.31 ± 0.23
G_046,LLLYVLLALLLGTLLGFLILI,-27.25,0.18 ± 0.03,NA
G_047,LLLTALLVGLLGLLLGFLILI,-18.68,0.27 ± 0.02,NA
G_048,LLLYLLLGALLGVLLSTLILI,-24.54,0.84 ± 0.22,-3.48 ± 0.9
G_049,LLLLALLFALLGILLSTLILI,-18.68,0.25 ± 0.12,NA
G_050,LLLYFLLAVLLGLLLGTLILI,-29.4,0.28 ± 0.06,NA
G_051,LLLYGLLFALLGTLLSLLILI,-29.53,0.19 ± 0.01,NA
G_052,LLLVALLALLLGTLLSFLILI,-27.01,0.28 ± 0.05,NA
G_053,LLLYLLLGALLGILLSTLILI,-29.9,0.75 ± 0.08,-3.35 ± 0.34
G_054,LLLTFLLAVLLGLLLGSLILI,-27.01,0.6 ± 0.14,-3.08 ± 0.7
G_055,LLLYALLFLLLGTLLSILILI,-15.45,0.17 ± 0.05,NA
G_056,LLLYFLLALLLGTLLGSLILI,-35.41,0.23 ± 0.02,NA
G_057,LLLTALLFLLLGVLLASLILI,-16.15,0.82 ± 0.11,-3.45 ± 0.45
G_058,LLLAGLLFLLLGVLLATLILI,-22.42,0.33 ± 0.01,-1.62 ± 0.03
G_059,LLLYVLLATLLGGLLFLLILI,-23.03,0.21 ± 0.06,NA
G_060,LLLTALLLALLFGLLFSLILI,-13.75,0.38 ± 0.03,-2.21 ± 0.2
G_061,LLLYVLLTLLLGGLLFALILI,-13.73,0.32 ± 0.04,-0.98 ± 0.12
G_062,LLLAYLLGTLLGLLLGFLILI,-45.74,1.14 ± 0.15,-3.83 ± 0.49
G_063,LLLVLLLATLLGSLLGTLILI,-13.7,0.31 ± 0.07,-0.17 ± 0.04
G_064,LLLALLLGLLLGTLLSFLILI,-45.31,1.04 ± 0.05,-3.72 ± 0.18
G_065,LLLLVLLTTLLGGLLFALILI,-25.32,0.29 ± 0.04,NA
G_066,LLLAYLLGLLLGFLLGTLILI,-39.49,1.11 ± 0.11,-3.81 ± 0.37
G_067,LLLYTLLAILLGLLLGFLILI,-44.96,0.24 ± 0.03,NA
G_068,LLLTSLLVGLLAYLLGLLILI,-11.56,0.41 ± 0.02,-2.45 ± 0.09
G_069,LLLAYLLGVLLGLLLAFLILI,-35.55,1.12 ± 0.09,-3.81 ± 0.31
G_070,LLLYFLLAVLLGLLLGSLILI,-23.94,0.25 ± 0.15,NA
G_071,LLLSYLLGVLLGLLLGTLILI,-44.36,0.95 ± 0.08,-3.62 ± 0.32
G_072,LLLALLLGTLLGFLLSILILI,-43.23,1.26 ± 0.1,-3.96 ± 0.31
G_073,LLLTALLAGLLFLLLSVLILI,-13.06,0.31 ± 0.02,-0.87 ± 0.05
G_074,LLLSYLLGVLLGLLLATLILI,-41.31,1.03 ± 0.11,-3.71 ± 0.41
G_075,LLLSYLLGVLLGTLLGFLILI,-42.81,0.79 ± 0.12,-3.4 ± 0.5
G_076,LLLSYLLGLLLGTLLGFLILI,-42.79,0.83 ± 0.06,-3.47 ± 0.24
G_077,LLLYLLLGALLAFLLSTLILI,-25.05,0.18 ± 0.01,NA
G_078,LLLTYLLGVLLGLLLGFLILI,-42.23,0.87 ± 0.19,-3.52 ± 0.76
G_079,LLLLVLLGALLGTLLSFLILI,-24.93,0.44 ± 0.07,-2.6 ± 0.39
G_080,LLLAYLLGVLLGLLLGSLILI,-41.95,1.11 ± 0.12,-3.81 ± 0.41
G_081,LLLALLLGVLLGTLLGFLILI,-38.02,0.95 ± 0.12,-3.62 ± 0.44
G_082,LLLSYLLGLLLGFLLSTLILI,-38.42,1.09 ± 0.18,-3.78 ± 0.62
G_083,LLLYLLLGALLGFLLSTLILI,-48.02,1.11 ± 0.17,-3.8 ± 0.58
G_084,LLLYSLLFALLGALLTLLILI,-24.61,0.36 ± 0.04,-1.99 ± 0.22
G_085,LLLFVLLTILLGALLSLLILI,-15.06,0.25 ± 0.05,NA
G_086,LLLYTLLVALLALLLGLLILI,-22.53,0.33 ± 0.05,-1.44 ± 0.22
G_087,LLLYSLLALLLGTLLGFLILI,-22.59,0.15 ± 0.05,NA
G_088,LLLALLLTVLLGGLLFSLILI,-25.5,0.26 ± 0.04,NA
G_089,LLLTSLLLGLLFALLAYLILI,-24.73,0.22 ± 0.13,NA
G_090,LLLYLLLGILLGTLLAFLILI,-36.83,0.53 ± 0.04,-2.9 ± 0.2
G_091,LLLVTLLLGLLFGLLFALILI,-22.79,0.83 ± 0.23,-3.47 ± 0.95
G_092,LLLYILLTLLLGALLAFLILI,-6.71,0.29 ± 0.14,NA
G_093,LLLFYLLGVLLGLLLASLILI,-47.35,0.92 ± 0.1,-3.58 ± 0.39
G_094,LLLYVLLFLLLGALLGTLILI,-25.05,0.17 ± 0.02,NA
G_095,LLLTLLLGLLLGVLLGSLILI,-37.29,0.91 ± 0.21,-3.57 ± 0.83
G_096,LLLALLLGLLLGVLLGSLILI,-37.44,1.04 ± 0.21,-3.73 ± 0.74
G_097,LLLTVLLGILLGLLLAFLILI,-37.57,0.71 ± 0.06,-3.28 ± 0.25
G_098,LLLSSLLFLLLGVLLGTLILI,-6.06,0.3 ± 0.06,NA
G_099,LLLVLLLTGLLFALLAYLILI,-14.18,0.25 ± 0.07,NA
G_100,LLLAVLLFSLLGLLLGTLILI,-22.9,0.27 ± 0.04,NA
G_101,LLLTALLFLLLGVLLGILILI,-13.97,0.72 ± 0.06,-3.29 ± 0.27
G_102,LLLAGLLFLLLGTLLSYLILI,-25.42,0.14 ± 0.02,NA
G_103,LLLYVLLGLLLGFLLSTLILI,-52.21,1.04 ± 0.05,-3.72 ± 0.19
G_104,LLLAFLLGTLLGVLLGLLILI,-37.15,1.33 ± 0.24,-4.02 ± 0.74
L_001,LLLLLLLTALLIFLVSLLILI,-24.86,0.23 ± 0.09,NA
L_002,LLLLYVLIALLTLLFSLLILI,-19.91,0.28 ± 0.05,NA
L_003,LLLVALLLILTFLLASLLILI,-19.85,0.35 ± 0.06,-1.97 ± 0.35
L_004,LLLLFVLTILLALLYSLLILI,-27.78,0.19 ± 0.1,NA
L_005,LLLLAYLLALLFLLTSLLILI,-24.92,0.32 ± 0.07,-1.18 ± 0.27
L_006,LLLYALLFVLTALLLSLLILI,-20.96,0.49 ± 0.08,-2.78 ± 0.45
L_007,LLLLYVLLATLLALLSFLILI,-20.52,0.28 ± 0.08,NA
L_008,LLLLAILLTLLAVLFSLLILI,-25.76,0.61 ± 0.06,-3.09 ± 0.3
L_009,LLLVALLLLLFLLLTSLLILI,-22.22,0.48 ± 0.23,-2.75 ± 1.31
L_010,LLLYFLLAILVTLLLSLLILI,-22.59,0.19 ± 0.11,NA
L_011,LLLLFVLLALLTILLSLLILI,-19.85,0.15 ± 0.05,NA
L_012,LLLLAVLLFLLATLISLLILI,-26.1,0.22 ± 0.05,NA
L_013,LLLLLLLLFILAVLLSTLILI,-26.11,0.16 ± 0.05,NA
L_014,LLLLYVLLATLLFLLSLLILI,-21.98,0.41 ± 0.16,-2.44 ± 0.94
L_015,LLLLTLLVALLLFLISLLILI,-26.31,0.41 ± 0.26,-2.4 ± 1.54
L_016,LLLLYFLLALLAVLTSLLILI,-21.69,0.27 ± 0.09,NA
L_017,LLLYLLLTVLALLLFSLLILI,-21.39,0.23 ± 0.06,NA
L_018,LLLLTLLLALIVLLFSLLILI,-21.35,0.47 ± 0.12,-2.7 ± 0.69
L_019,LLLLVLLLTILFLLLSALILI,-26.56,0.23 ± 0.04,NA
L_020,LLLLYLLLFILAVLLSTLILI,-23.39,0.21 ± 0.09,NA
L_021,LLLLLFLLATLLILLSVLILI,-21.08,0.25 ± 0.05,NA
L_022,LLLLYLLLAVLTALLFSLILI,-21.06,0.27 ± 0.09,NA
L_023,LLLLYVLLALLFTLISLLILI,-25.06,0.18 ± 0.12,NA
L_024,LLLVTLLLALLLLLFSLLILI,-20.94,0.27 ± 0.06,NA
L_025,LLLLYALLFLLTALLFSLILI,-26.79,0.45 ± 0.14,-2.61 ± 0.83
L_026,LLLLLLLLFVLATLLSILILI,-26.85,0.23 ± 0.07,NA
L_027,LLLFSLLVLLTALLYLLLILI,-20.71,0.23 ± 0.05,NA
L_028,LLLLTILLLVLALLLSFLILI,-26.94,0.23 ± 0.19,NA
L_029,LLLLFLLLAILLVLLSTLILI,-23.7,0.21 ± 0.05,NA
L_030,LLLLYVLLALLFTLLSILILI,-23.75,0.23 ± 0.07,NA
L_031,LLLLAVLLFLLALLTSLLILI,-27.1,0.41 ± 0.08,-2.45 ± 0.5
L_032,LLLVALLTILLALLFSLLILI,-27.98,0.41 ± 0.15,-2.45 ± 0.88
L_033,LLLVSLLILLTALLFLLLILI,-22.28,0.35 ± 0.11,-1.89 ± 0.59
L_034,LLLLFALLTILVALLSLLILI,-28.01,0.36 ± 0.05,-2.09 ± 0.26
L_035,LLLLAVLTALLLLLFSLLILI,-36.08,0.21 ± 0.13,NA
L_036,LLLLYVLTALLFLLISLLILI,-35.8,0.26 ± 0.1,NA
L_037,LLLLVLLLTILLFLLSALILI,-34.96,0.21 ± 0.09,NA
L_038,LLLLWYLVSLLILLTFLLILI,-34.36,0.48 ± 0.16,-2.75 ± 0.89
L_039,LLLLVSLLILLTALLFLLILI,-34.32,0.41 ± 0.11,-2.42 ± 0.67
L_040,LLLLAYLTVLLSILFLLLILI,-16.04,0.38 ± 0.08,-2.25 ± 0.48
L_041,LLLLAILLALLFVLTSLLILI,-34.1,0.3 ± 0.1,NA
L_042,LLLLFVLLLLLATLISLLILI,-36.31,0.27 ± 0.08,NA
L_043,LLLYTLLAVLIALLLSLLILI,-16.38,0.44 ± 0.09,-2.56 ± 0.52
L_044,LLLLFILLAVLLTLLLSLILI,-32.64,0.22 ± 0.13,NA
L_045,LLLVALLLFLLSLLYTLLILI,-32.59,0.27 ± 0.08,NA
L_046,LLLLVLLLAILFTLLSLLILI,-32.33,0.29 ± 0.07,NA
L_047,LLLVALLFLLTSLLYLLLILI,-27.98,0.21 ± 0.07,NA
L_048,LLLLFLLLAVLYLLLSTLILI,-32.17,0.32 ± 0.14,-1.14 ± 0.51
L_049,LLLLSYLLAVLFTLLLILILI,-32.13,0.34 ± 0.08,-1.82 ± 0.4
L_050,LLLLFLLLLALTVLLSILILI,-32.09,0.33 ± 0.1,-1.46 ± 0.44
L_051,LLLYFLLAVLITLLLSLLILI,-33.12,0.18 ± 0.09,NA
L_052,LLLLTYLLAILFVLLLSLILI,-32.09,0.25 ± 0.12,NA
L_053,LLLVLLLAILFLLLTSLLILI,-36.54,0.24 ± 0.09,NA
L_054,LLLYTLLAVLLLLLASLLILI,-14.73,0.15 ± 0.05,NA
L_055,LLLYALLLTLIVLLFSLLILI,-8.65,0.55 ± 0.3,-2.94 ± 1.59
L_056,LLLLLLLLAVLTALLFILILI,-44.72,0.28 ± 0.06,NA
L_057,LLLLVALLLLLTSLLFLLILI,-44.48,0.48 ± 0.05,-2.72 ± 0.26
L_058,LLLYALLLVLITLLFSLLILI,-11.73,0.35 ± 0.12,-1.95 ± 0.64
L_059,LLLFALLLILTALLYVLLILI,-12.21,0.37 ± 0.12,-2.12 ± 0.69
L_060,LLLLFYLTALLILLVSLLILI,-12.34,0.28 ± 0.15,NA
L_061,LLLLVALLLLLTALLFILILI,-41.95,0.43 ± 0.16,-2.53 ± 0.93
L_062,LLLLAILLAVLFLLLSTLILI,-36.63,0.25 ± 0.11,NA
L_063,LLLLLALLFVLTSLLYLLILI,-41.84,0.41 ± 0.04,-2.44 ± 0.24
L_064,LLLLYVLIALLLLLTSLLILI,-13.11,0.36 ± 0.29,-2.08 ± 1.65
L_065,LLLLYWLLTILAFLLSLLILI,-40.46,0.4 ± 0.13,-2.34 ± 0.77
L_066,LLLLYSLTALLFVLLLLLILI,-39.3,0.27 ± 0.06,NA
L_067,LLLLTVLLALLFLLISLLILI,-38.49,0.2 ± 0.12,NA
L_068,LLLLVALLLLLTSLIFLLILI,-37.95,0.27 ± 0.11,NA
L_069,LLLLFVLLAILYLLLSTLILI,-37.79,0.35 ± 0.08,-1.89 ± 0.41
L_070,LLLFALLLLLVTLLYSLLILI,-36.99,0.29 ± 0.07,NA
L_071,LLLLFWLLAVLTALLYLLILI,-41.58,0.38 ± 0.06,-2.23 ± 0.37
L_072,LLLLAVLLLTLALLLSFLILI,-32.06,0.26 ± 0.03,NA
L_073,LLLLVALLLILFLLLSTLILI,-32.21,0.28 ± 0.08,NA
L_074,LLLLSYLVALLLTLFLLLILI,-31.72,0.37 ± 0.28,-2.18 ± 1.61
L_075,LLLLLVLLAILLFLLSTLILI,-29.41,0.24 ± 0.1,NA
L_076,LLLLYWLLTLLVALLSFLILI,-29.15,0.42 ± 0.06,-2.5 ± 0.34
L_077,LLLYLLLAVLTSLLFLLLILI,-28.74,0.14 ± 0.1,NA
L_078,LLLLALLLLFLTVLLSILILI,-28.66,0.24 ± 0.07,NA
L_079,LLLLLFLTALLYVLISLLILI,-28.61,0.28 ± 0.27,NA
L_080,LLLLYVLLLALTILLFSLILI,-19.09,0.19 ± 0.11,NA
L_081,LLLLYLLLAVLLSLLFTLILI,-29.49,0.26 ± 0.08,NA
L_082,LLLYFLLAVLLTLLFSLLILI,-19.2,0.16 ± 0.09,NA
L_083,LLLLLALLLILVTLLSFLILI,-28.35,0.32 ± 0.1,-1.29 ± 0.41
L_084,LLLLWTLIALLLVLFSLLILI,-28.25,0.32 ± 0.08,-1.09 ± 0.29
L_085,LLLYALLFLLTSLLFSLLILI,-28.21,0.14 ± 0.08,NA
L_086,LLLLLLLLAVLYTLLSFLILI,-28.07,0.23 ± 0.04,NA
L_087,LLLYALLLLLVTLLFSLLILI,-28.03,0.22 ± 0.08,NA
L_088,LLLYALLFVLLLLLTSLLILI,-19.75,0.17 ± 0.07,NA
L_089,LLLLAILLLLLTVLFSLLILI,-28.43,0.18 ± 0.08,NA
L_090,LLLLYILLALLFVLLSTLILI,-30,0.22 ± 0.02,NA
L_091,LLLYALLFVLLILLFSLLILI,-18.68,0.14 ± 0.05,NA
L_092,LLLLALLFLLTSLLYVLLILI,-31.34,0.36 ± 0.04,-1.99 ± 0.22
L_093,LLLYWLLTVLFLLLASLLILI,-17.52,0.28 ± 0.03,NA
L_094,LLLLYFLLATLVALLLSLILI,-31.23,0.47 ± 0.13,-2.7 ± 0.73
L_095,LLLLILLLALLFVLTSLLILI,-30.54,0.35 ± 0.14,-1.89 ± 0.76
L_096,LLLAALLLLLVTLLFSLLILI,-17.48,0.53 ± 0.08,-2.89 ± 0.43
L_097,LLLLAVLLLILTLLLSFLILI,-30.86,0.38 ± 0.2,-2.19 ± 1.14
L_098,LLLLTVLLAILFLLLSLLILI,-30.91,0.29 ± 0.09,NA
L_099,LLLYSLLLLLTFLLAVLLILI,-31.39,0.2 ± 0.18,NA
L_100,LLLLAVLLALLLILLSTLILI,-31.53,0.2 ± 0.02,NA
R_001,LLLYTLLVLLLAFLLSILILI,-26.75,0.3 ± 0.07,NA
R_002,LLLYSLLLTLLFVLLALLILI,-30.22,0.3 ± 0.13,NA
R_003,LLLYTLLIALLFVLLSLLILI,-26.69,0.28 ± 0.04,NA
R_004,LLLYSLLVALLFTLLFLLILI,-26.6,0.23 ± 0.1,NA
R_005,LLLLSLLFALLIALLVTLILI,-24.71,0.29 ± 0.03,NA
R_006,LLLYLLLFTLLAVLLSILILI,-8.79,0.3 ± 0.06,NA
R_007,LLLYALLVALLFTLLSLLILI,-24.88,0.26 ± 0.05,NA
R_008,LLLTYLLFVLLAILLSLLILI,-24.89,0.29 ± 0.1,NA
R_009,LLLYTLLISLLVALLFLLILI,-25.05,0.25 ± 0.1,NA
R_010,LLLYTLLVSLLALLLAFLILI,-25.05,0.31 ± 0.07,0.43 ± 0.1
R_011,LLLLYLLVALLISLLFTLILI,-25.89,0.39 ± 0.18,-2.33 ± 1.07
R_012,LLLYSLLLALLFVLLTILILI,-27.63,0.3 ± 0.06,NA
R_013,LLLLVLLIALLFTLLSYLILI,-25.24,0.33 ± 0.04,-1.62 ± 0.21
R_014,LLLSYLLVLLLAFLLTILILI,-25.39,0.35 ± 0.08,-1.9 ± 0.43
R_015,LLLYTLLISLLFVLLALLILI,-26.81,0.31 ± 0.08,0.25 ± 0.07
R_016,LLLYFLLVALLTLLLSILILI,-26.06,0.27 ± 0.09,NA
R_017,LLLSYLLFVLLALLLSTLILI,-26.54,0.39 ± 0.07,-2.28 ± 0.4
R_018,LLLSYLLTLLLAFLLSILILI,-26.9,0.55 ± 0.08,-2.94 ± 0.45
R_019,LLLWTLLVFLLAILLSLLILI,-29.79,0.29 ± 0.06,NA
R_020,LLLSYLLFTLLAILLTLLILI,-29.93,0.3 ± 0.09,NA
R_021,LLLYSLLIALLFVLLTLLILI,-27.75,0.28 ± 0.1,NA
R_022,LLLSYLLFTLLALLLAVLILI,-27.41,0.38 ± 0.03,-2.26 ± 0.15
R_023,LLLYALLLTLLVALLSILILI,-10.03,0.33 ± 0.05,-1.61 ± 0.26
R_024,LLLYTLLIALLVLLLFSLILI,-24.33,0.31 ± 0.18,-0.41 ± 0.24
R_025,LLLFYLLVILLALLLSTLILI,-16.37,0.29 ± 0.14,NA
R_026,LLLFYLLVALLISLLTLLILI,-16.35,0.34 ± 0.05,-1.79 ± 0.24
R_027,LLLYILLATLLAFLLSLLILI,-16.29,0.27 ± 0.12,NA
R_028,LLLFYLLVALLLTLLSLLILI,-16.26,0.4 ± 0.08,-2.36 ± 0.48
R_029,LLLYALLIALLFTLLVLLILI,-16.15,0.3 ± 0.03,NA
R_030,LLLYALLTTLLSVLLFLLILI,-16.09,0.44 ± 0.07,-2.58 ± 0.43
R_031,LLLTALLIALLFVLLSLLILI,-16.08,0.33 ± 0.01,-1.57 ± 0.04
R_032,LLLYSLLLTLLVALLIFLILI,-15.9,0.24 ± 0.11,NA
R_033,LLLYSLLLALLATLLVFLILI,-15.86,0.24 ± 0.07,NA
R_034,LLLYVLLTILLALLLSFLILI,-15.76,0.34 ± 0.13,-1.84 ± 0.72
R_035,LLLYLLLATLLFVLLSILILI,-15.7,0.31 ± 0.03,-0.91 ± 0.1
R_036,LLLYTLLIALLAVLLSLLILI,-15.58,0.37 ± 0.05,-2.1 ± 0.31
R_037,LLLYALLVALLITLLFLLILI,-15.3,0.3 ± 0.07,NA
R_038,LLLFYLLITLLVALLSLLILI,-15.25,0.34 ± 0.09,-1.79 ± 0.49
R_039,LLLYLLLATLLAILLFSLILI,-15.07,0.14 ± 0.06,NA
R_040,LLLYLLLATLLAVLLSFLILI,-16.45,0.25 ± 0.07,NA
R_041,LLLYSLLLTLLATLLAFLILI,-16.53,0.21 ± 0.08,NA
R_042,LLLVSLLLTLLFALLAYLILI,-16.54,0.29 ± 0.03,NA
R_043,LLLTALLVALLAYLLSFLILI,-16.55,0.5 ± 0.04,-2.81 ± 0.24
R_044,LLLTYLLTILLAFLLSLLILI,-17.5,0.41 ± 0.05,-2.44 ± 0.27
R_045,LLLLVLLITLLFALLSYLILI,-17.49,0.32 ± 0.06,-1.37 ± 0.27
R_046,LLLYLLLTTLLVALLSFLILI,-17.43,0.44 ± 0.05,-2.58 ± 0.31
R_047,LLLYLLLVTLLAILLSFLILI,-17.35,0.17 ± 0.09,NA
R_048,LLLYSLLVALLATLLFLLILI,-17.33,0.26 ± 0.07,NA
R_049,LLLAILLVTLLFTLLSLLILI,-17.29,0.36 ± 0.09,-1.99 ± 0.48
R_050,LLLYALLTALLSVLLFLLILI,-17.19,0.37 ± 0.03,-2.1 ± 0.18
R_051,LLLYILLTALLVALLSLLILI,-15.06,0.31 ± 0.05,-0.94 ± 0.15
R_052,LLLFSLLLTLLVALLSYLILI,-17.12,0.26 ± 0.08,NA
R_053,LLLVYLLTALLIALLSLLILI,-16.69,0.37 ± 0.05,-2.14 ± 0.31
R_054,LLLYSLLLTLLVALLSFLILI,-16.68,0.29 ± 0.1,NA
R_055,LLLYALLVALLTALLSLLILI,-16.67,0.35 ± 0.08,-1.96 ± 0.42
R_056,LLLTALLLALLAVLLSFLILI,-16.65,0.4 ± 0.06,-2.35 ± 0.38
R_057,LLLAVLLLTLLFALLSYLILI,-16.62,0.26 ± 0.06,NA
R_058,LLLYILLLTLLAVLLSFLILI,-16.59,0.24 ± 0.04,NA
R_059,LLLYFLLVALLLALLSTLILI,-16.58,0.32 ± 0.03,-1.1 ± 0.11
R_060,LLLYILLFALLTVLLSLLILI,-17.06,0.26 ± 0.06,NA
R_061,LLLYVLLIALLATLLSLLILI,-15.04,0.33 ± 0.06,-1.52 ± 0.29
R_062,LLLYALLVALLSLLLFTLILI,-15.04,0.35 ± 0.03,-1.87 ± 0.14
R_063,LLLYSLLTALLVALLFLLILI,-14.78,0.29 ± 0.08,NA
R_064,LLLTYLLLVLLAILLSFLILI,-12.04,0.19 ± 0.12,NA
R_065,LLLYVLLIALLFTLLSLLILI,-11.97,0.26 ± 0.07,NA
R_066,LLLYVLLTILLALLLAFLILI,-11.94,0.32 ± 0.09,-1.38 ± 0.4
R_067,LLLYLLLSTLLAFLLAILILI,-11.93,0.28 ± 0.04,NA
R_068,LLLTYLLIVLLALLLSFLILI,-11.69,0.41 ± 0.02,-2.4 ± 0.1
R_069,LLLYLLLFTLLAALLTSLILI,-11.61,0.12 ± 0.06,NA
R_070,LLLYALLFALLLSLLVTLILI,-11.25,0.27 ± 0.02,NA
R_071,LLLTYLLAVLLAILLFLLILI,-12.11,0.32 ± 0.07,-0.98 ± 0.21
R_072,LLLYVLLTTLLFALLSLLILI,-11.22,0.28 ± 0.08,NA
R_073,LLLAALLLSLLFTLLVFLILI,-10.66,0.46 ± 0.05,-2.65 ± 0.27
R_074,LLLYLLLATLLAVLLSILILI,-10.64,0.24 ± 0.07,NA
R_075,LLLYALLLSLLTALLVFLILI,-10.61,0.28 ± 0.09,NA
R_076,LLLTALLIALLFLLLSVLILI,-10.55,0.4 ± 0.04,-2.36 ± 0.25
R_077,LLLYVLLFALLTVLLSLLILI,-10.4,0.3 ± 0.02,NA
R_078,LLLYSLLFVLLAILLTLLILI,-10.33,0.25 ± 0.1,NA
R_079,LLLAYLLVLLLATLLSFLILI,-10.19,0.34 ± 0.07,-1.71 ± 0.38
R_080,LLLYVLLAILLTLLLSFLILI,-10.68,0.27 ± 0.1,NA
R_081,LLLYTLLATLLVLLLSFLILI,-17.69,0.25 ± 0.07,NA
R_082,LLLYVLLATLLALLLSFLILI,-12.44,0.26 ± 0.03,NA
R_083,LLLYALLLTLLVALLSFLILI,-12.82,0.25 ± 0.08,NA
R_084,LLLYALLLTLLSILLVFLILI,-14.69,0.22 ± 0.04,NA
R_085,LLLYALLLALLFSLLVTLILI,-14.68,0.3 ± 0.1,NA
R_086,LLLLYLLTALLIALLFVLILI,-14.55,0.27 ± 0.06,NA
R_087,LLLLILLSTLLATLLVFLILI,-14.36,0.23 ± 0.05,NA
R_088,LLLYILLLTLLVALLSFLILI,-14.33,0.28 ± 0.01,NA
R_089,LLLLALLFALLVSLLTWLILI,-14.2,0.3 ± 0.0,NA
R_090,LLLTVLLLALLFALLSILILI,-14.11,0.36 ± 0.06,-2.01 ± 0.32
R_091,LLLVYLLTALLLALLSFLILI,-12.66,0.33 ± 0.07,-1.51 ± 0.34
R_092,LLLYVLLFTLLAALLSLLILI,-13.95,0.28 ± 0.06,NA
R_093,LLLVYLLLALLTSLLFILILI,-13.89,0.39 ± 0.03,-2.3 ± 0.16
R_094,LLLYSLLLILLAVLLTFLILI,-13.86,0.24 ± 0.07,NA
R_095,LLLTYLLVFLLALLLSILILI,-13.66,0.34 ± 0.09,-1.68 ± 0.45
R_096,LLLYALLLTLLSVLLFILILI,-13.65,0.3 ± 0.07,NA
R_097,LLLALLLVTLLAILLSFLILI,-13.32,0.17 ± 0.07,NA
R_098,LLLTVLLALLLAFLLSILILI,-12.94,0.35 ± 0.06,-1.9 ± 0.33
R_099,LLLTYLLVALLIALLFLLILI,-12.88,0.37 ± 0.05,-2.12 ± 0.3
R_100,LLLYVLLLTLLFALLSLLILI,-13.89,0.3 ± 0.11,NA
R_101,LLLYWLLVALLISLLTLLILI,-24.44,0.32 ± 0.03,-1.09 ± 0.09
R_102,LLLYLLLVALLATLLSFLILI,-17.7,0.22 ± 0.08,NA
R_103,LLLFYLLLTLLVALLSILILI,-17.85,0.48 ± 0.06,-2.74 ± 0.36
R_104,LLLTYLLFTLLAVLLSLLILI,-22.18,0.36 ± 0.04,-2.01 ± 0.25
R_105,LLLYWLLTALLLSLLFVLILI,-22.11,0.21 ± 0.05,NA
R_106,LLLYVLLLTLLATLLSFLILI,-21.91,0.22 ± 0.12,NA
R_107,LLLTYLLVALLAILLSLLILI,-21.41,0.28 ± 0.02,NA
R_108,LLLYSLLLTLLAVLLFSLILI,-21.39,0.21 ± 0.1,NA
R_109,LLLLYLLITLLFSLLVALILI,-21.29,0.3 ± 0.05,NA
R_110,LLLYSLLLALLFALLVTLILI,-21.29,0.27 ± 0.05,NA
R_111,LLLYSLLVALLFTLLILLILI,-21.29,0.28 ± 0.12,NA
R_112,LLLFSLLLTLLAALLSYLILI,-21.16,0.21 ± 0.07,NA
R_113,LLLYILLSTLLALLLAFLILI,-21.11,0.21 ± 0.04,NA
R_114,LLLYSLLITLLFVLLALLILI,-20.93,0.25 ± 0.09,NA
R_115,LLLYTLLATLLFLLLSVLILI,-20.85,0.27 ± 0.11,NA
R_116,LLLYVLLFILLALLLSTLILI,-20.83,0.22 ± 0.1,NA
R_117,LLLYILLSVLLALLLTFLILI,-20.82,0.19 ± 0.08,NA
R_118,LLLYTLLVALLFALLSLLILI,-20.72,0.3 ± 0.07,NA
R_119,LLLVYLLIALLFSLLTLLILI,-22.22,0.34 ± 0.04,-1.71 ± 0.23
R_120,LLLYALLTILLTFLLSLLILI,-22.25,0.28 ± 0.15,NA
R_121,LLLYALLTSLLVALLFLLILI,-22.5,0.34 ± 0.02,-1.73 ± 0.08
R_122,LLLYSLLLALLFALLTILILI,-22.52,0.45 ± 0.06,-2.6 ± 0.36
R_123,LLLYTLLVSLLFALLILLILI,-24.31,0.23 ± 0.06,NA
R_124,LLLVYLLTALLISLLFLLILI,-24.25,0.37 ± 0.07,-2.17 ± 0.4
R_125,LLLWYLLLVLLATLLSFLILI,-24.21,0.35 ± 0.07,-1.95 ± 0.39
R_126,LLLYSLLLTLLATLLVFLILI,-24.19,0.21 ± 0.08,NA
R_127,LLLYILLATLLTLLLSFLILI,-24.1,0.21 ± 0.11,NA
R_128,LLLFVLLATLLAYLLSLLILI,-23.75,0.36 ± 0.03,-2.07 ± 0.14
R_129,LLLYSLLVALLFALLTLLILI,-23.75,0.37 ± 0.07,-2.16 ± 0.4
R_130,LLLYLLLAVLLAFLLTSLILI,-20.67,0.24 ± 0.09,NA
R_131,LLLSYLLVFLLATLLSLLILI,-23.6,0.39 ± 0.06,-2.32 ± 0.34
R_132,LLLYSLLLTLLALLLAFLILI,-23.54,0.3 ± 0.08,NA
R_133,LLLYSLLLTLLFALLVILILI,-23.43,0.36 ± 0.02,-2.01 ± 0.12
R_134,LLLYVLLATLLAFLLSLLILI,-23.31,0.29 ± 0.06,NA
R_135,LLLLYLLVTLLFALLSILILI,-23.2,0.37 ± 0.07,-2.15 ± 0.4
R_136,LLLATLLISLLFTLLVLLILI,-23.06,0.43 ± 0.09,-2.51 ± 0.56
R_137,LLLYLLLATLLFVLLSLLILI,-22.94,0.21 ± 0.12,NA
R_138,LLLYALLLALLVSLLFTLILI,-22.59,0.38 ± 0.06,-2.2 ± 0.38
R_139,LLLVYLLLALLTALLSILILI,-23.55,0.36 ± 0.11,-2.07 ± 0.63
R_140,LLLFYLLVALLTALLSLLILI,-20.62,0.39 ± 0.03,-2.31 ± 0.17
R_141,LLLVYLLITLLFALLSLLILI,-20.57,0.43 ± 0.04,-2.51 ± 0.25
R_142,LLLYILLTVLLALLLSFLILI,-20.38,0.26 ± 0.05,NA
R_143,LLLYTLLVALLSTLLFLLILI,-19.39,0.23 ± 0.09,NA
R_144,LLLLTLLATLLAVLLSFLILI,-19.38,0.37 ± 0.03,-2.09 ± 0.16
R_145,LLLVYLLLALLFTLLSLLILI,-19.07,0.47 ± 0.06,-2.68 ± 0.36
R_146,LLLYVLLTALLFALLSLLILI,-19.06,0.32 ± 0.06,-0.98 ± 0.18
R_147,LLLLTLLIALLVALLSFLILI,-18.94,0.34 ± 0.07,-1.8 ± 0.37
R_148,LLLFVLLTTLLAILLSLLILI,-18.76,0.22 ± 0.02,NA
R_149,LLLYFLLAILLAVLLTLLILI,-18.7,0.24 ± 0.06,NA
R_150,LLLLTLLIALLFVLLYSLILI,-19.44,0.43 ± 0.06,-2.52 ± 0.34
R_151,LLLVALLLALLFALLSTLILI,-18.56,0.36 ± 0.04,-2.01 ± 0.23
R_152,LLLVALLLTLLAILLSFLILI,-18.48,0.28 ± 0.05,NA
R_153,LLLYILLVALLATLLTLLILI,-18.48,0.34 ± 0.11,-1.84 ± 0.61
R_154,LLLYLLLTVLLAFLLSILILI,-18.43,0.27 ± 0.05,NA
R_155,LLLTYLLVALLIALLSLLILI,-18.14,0.36 ± 0.02,-2.0 ± 0.09
R_156,LLLLALLVALLSTLLIFLILI,-18.12,0.39 ± 0.06,-2.31 ± 0.37
R_157,LLLTYLLIALLLALLFVLILI,-18.08,0.4 ± 0.01,-2.35 ± 0.05
R_158,LLLYSLLVALLTLLLFILILI,-17.88,0.31 ± 0.13,-0.84 ± 0.34
R_159,LLLLALLFALLTVLLSILILI,-18.52,0.44 ± 0.02,-2.59 ± 0.13
R_160,LLLYSLLLALLAVLLTILILI,-17.72,0.31 ± 0.22,0.32 ± 0.23
R_161,LLLAILLLTLLFVLLSLLILI,-19.44,0.33 ± 0.06,-1.49 ± 0.26
R_162,LLLTYLLVALLTFLLSLLILI,-19.5,0.59 ± 0.25,-3.04 ± 1.29
R_163,LLLAVLLLTLLFTLLSYLILI,-20.37,0.21 ± 0.11,NA
R_164,LLLYSLLVALLFLLLATLILI,-20.33,0.28 ± 0.1,NA
R_165,LLLYSLLLTLLAALLVFLILI,-20.13,0.23 ± 0.08,NA
R_166,LLLLYLLIALLVALLSTLILI,-20.11,0.3 ± 0.05,NA
R_167,LLLYTLLVALLFLLLSLLILI,-20.05,0.27 ± 0.1,NA
R_168,LLLFYLLTALLIALLSLLILI,-20,0.38 ± 0.03,-2.23 ± 0.15
R_169,LLLYWLLVALLLALLSTLILI,-19.98,0.36 ± 0.01,-2.06 ± 0.04
R_170,LLLYILLFTLLVALLSLLILI,-19.46,0.19 ± 0.06,NA
R_171,LLLFALLTILLAYLLSLLILI,-19.95,0.4 ± 0.06,-2.34 ± 0.34
R_172,LLLYALLVALLLTLLSWLILI,-19.84,0.27 ± 0.04,NA
R_173,LLLYSLLFTLLAVLLALLILI,-19.77,0.32 ± 0.1,-1.4 ± 0.42
R_174,LLLYWLLLALLVALLSTLILI,-19.77,0.3 ± 0.04,NA
R_175,LLLLALLIALLFVLLSTLILI,-19.62,0.27 ± 0.05,NA
R_176,LLLYTLLVSLLAILLTLLILI,-19.61,0.33 ± 0.09,-1.58 ± 0.45
R_177,LLLFYLLTALLITLLVLLILI,-19.54,0.31 ± 0.09,NA
R_178,LLLSYLLVFLLALLLATLILI,-19.53,0.48 ± 0.07,-2.74 ± 0.39
R_179,LLLTYLLLALLVSLLFILILI,-19.87,0.47 ± 0.09,-2.68 ± 0.54
R_180,LLLYVLLATLLTFLLSLLILI,-9.81,0.29 ± 0.02,NA
